nameFirst,nameLast,yearID,teamID,POS,G,PO,A,E,DP,PB,WP,SB,CS
Frank,Abercrombie,1871,TRO,SS,1,1,3,2,0,,,,
Bob,Addy,1871,RC1,2B,22,67,72,42,5,,,,
Bob,Addy,1871,RC1,SS,3,8,14,7,0,,,,
Art,Allison,1871,CL1,2B,2,1,4,0,0,,,,
Art,Allison,1871,CL1,OF,29,51,3,7,1,,,,
Doug,Allison,1871,WS3,C,27,68,15,20,4,0,,,
Cap,Anson,1871,RC1,1B,1,7,0,0,0,,,,
Cap,Anson,1871,RC1,2B,2,3,4,1,0,,,,
Cap,Anson,1871,RC1,3B,20,38,52,28,2,,,,
Cap,Anson,1871,RC1,C,5,10,0,8,0,0,,,
Cap,Anson,1871,RC1,OF,1,0,0,0,0,,,,
Robert,Armstrong,1871,FW1,OF,12,29,2,7,0,,,,
Al,Barker,1871,RC1,OF,1,2,0,0,0,,,,
Ross,Barnes,1871,BS1,2B,16,42,61,15,10,,,,
Ross,Barnes,1871,BS1,SS,15,44,64,21,3,,,,
Bill,Barrett,1871,FW1,3B,1,1,0,0,0,,,,
Bill,Barrett,1871,FW1,C,1,8,0,0,0,0,,,
Frank,Barrows,1871,BS1,2B,1,2,0,1,0,,,,
Frank,Barrows,1871,BS1,OF,17,28,1,6,0,,,,
John,Bass,1871,CL1,C,1,4,0,1,0,0,,,
John,Bass,1871,CL1,SS,22,41,61,29,3,,,,
Joe,Battin,1871,CL1,OF,1,1,0,0,0,,,,
Tommy,Beals,1871,WS3,2B,2,9,7,0,1,,,,
Tommy,Beals,1871,WS3,OF,8,20,1,6,0,,,,
Edward,Beavens,1871,TRO,2B,3,8,10,4,2,,,,
George,Bechtel,1871,PH1,3B,3,3,3,2,0,,,,
George,Bechtel,1871,PH1,OF,15,21,2,5,1,,,,
George,Bechtel,1871,PH1,P,3,1,7,0,0,,,,
Steve,Bellan,1871,TRO,3B,28,48,49,39,4,,,,
Steve,Bellan,1871,TRO,SS,1,1,4,0,0,,,,
Nate,Berkenstock,1871,PH1,OF,1,3,0,0,0,,,,
Tom,Berry,1871,PH1,OF,1,0,0,1,0,,,,
Harry,Berthrong,1871,WS3,2B,5,16,10,7,1,,,,
Harry,Berthrong,1871,WS3,C,1,0,0,1,0,0,,,
Harry,Berthrong,1871,WS3,OF,12,29,0,7,0,,,,
Charles,Bierman,1871,FW1,1B,1,9,0,2,0,,,,
George,Bird,1871,RC1,OF,25,32,2,11,0,,,,
Dave,Birdsall,1871,BS1,C,7,9,6,2,0,0,,,
Dave,Birdsall,1871,BS1,OF,27,27,3,9,1,,,,
Asa,Brainard,1871,WS3,P,30,18,28,8,1,,,,
Mike,Brannock,1871,CH1,3B,3,3,2,5,0,,,,
Henry,Burroughs,1871,WS3,2B,1,1,0,1,0,,,,
Henry,Burroughs,1871,WS3,3B,5,10,11,9,0,,,,
Henry,Burroughs,1871,WS3,OF,8,11,1,5,0,,,,
Tom,Carey,1871,FW1,2B,19,58,50,18,5,,,,
Jim,Carleton,1871,CL1,1B,29,295,4,34,10,,,,
Fred,Cone,1871,BS1,OF,18,39,2,7,0,,,,
Ned,Connor,1871,TRO,1B,4,35,1,5,1,,,,
Ned,Connor,1871,TRO,OF,3,4,1,4,0,,,,
Bill,Craver,1871,TRO,1B,2,18,1,1,1,,,,
Bill,Craver,1871,TRO,2B,18,57,50,16,11,,,,
Bill,Craver,1871,TRO,C,3,10,4,1,0,0,,,
Bill,Craver,1871,TRO,OF,1,0,0,0,0,,,,
Bill,Craver,1871,TRO,SS,4,6,12,4,3,,,,
Ned,Cuthbert,1871,PH1,C,1,2,1,1,0,0,,,
Ned,Cuthbert,1871,PH1,OF,27,78,3,10,0,,,,
Harry,Deane,1871,FW1,OF,6,21,0,0,0,,,,
Pete,Donnelly,1871,FW1,3B,2,1,1,8,0,,,,
Pete,Donnelly,1871,FW1,OF,9,5,0,2,0,,,,
Ed,Duffy,1871,CH1,3B,1,0,0,1,0,,,,
Ed,Duffy,1871,CH1,SS,26,42,90,44,5,,,,
Dave,Eggler,1871,NY2,OF,33,88,3,9,1,,,,
George,Ewell,1871,CL1,OF,1,1,0,0,0,,,,
Bob,Ferguson,1871,NY2,2B,11,29,22,13,4,,,,
Bob,Ferguson,1871,NY2,3B,20,31,58,26,3,,,,
Bob,Ferguson,1871,NY2,C,5,19,0,4,0,0,,,
Bob,Ferguson,1871,NY2,P,1,0,0,0,0,,,,
Cherokee,Fisher,1871,RC1,1B,2,12,0,1,0,,,,
Cherokee,Fisher,1871,RC1,2B,1,1,1,1,0,,,,
Cherokee,Fisher,1871,RC1,P,24,22,54,6,3,,,,
Wes,Fisler,1871,PH1,1B,26,240,1,7,9,,,,
Wes,Fisler,1871,PH1,2B,2,6,2,2,0,,,,
Frank,Fleet,1871,NY2,P,1,0,5,0,0,,,,
Dickie,Flowers,1871,TRO,2B,1,1,4,2,0,,,,
Dickie,Flowers,1871,TRO,P,1,0,0,0,0,,,,
Dickie,Flowers,1871,TRO,SS,20,28,72,30,8,,,,
Clipper,Flynn,1871,TRO,1B,19,183,8,9,12,,,,
Clipper,Flynn,1871,TRO,2B,1,2,3,2,0,,,,
Clipper,Flynn,1871,TRO,3B,1,2,4,2,0,,,,
Clipper,Flynn,1871,TRO,OF,8,16,2,7,2,,,,
Tom,Foley,1871,CH1,3B,1,2,1,1,0,,,,
Tom,Foley,1871,CH1,C,4,13,1,8,0,0,,,
Tom,Foley,1871,CH1,OF,16,18,1,11,0,,,,
Jim,Foran,1871,FW1,1B,16,111,4,16,2,,,,
Jim,Foran,1871,FW1,OF,4,11,1,2,0,,,,
Davy,Force,1871,WS3,3B,1,2,2,1,0,,,,
Davy,Force,1871,WS3,SS,31,46,159,38,7,,,,
Chick,Fulmer,1871,RC1,1B,1,9,0,0,0,,,,
Chick,Fulmer,1871,RC1,SS,16,29,65,28,4,,,,
John,Glenn,1871,WS3,OF,26,34,3,6,2,,,,
Wally,Goldsmith,1871,FW1,3B,8,10,5,14,0,,,,
Wally,Goldsmith,1871,FW1,C,2,4,0,4,0,0,,,
Wally,Goldsmith,1871,FW1,SS,14,27,29,17,1,,,,
Charlie,Gould,1871,BS1,1B,30,343,3,36,21,,,,
Charlie,Gould,1871,BS1,OF,1,2,0,1,0,,,,
George,Hall,1871,WS3,OF,32,92,3,9,0,,,,
Jimmy,Hallinan,1871,FW1,SS,5,8,11,21,0,,,,
Ralph,Ham,1871,RC1,3B,7,5,6,13,0,,,,
Ralph,Ham,1871,RC1,OF,19,29,5,13,1,,,,
Ralph,Ham,1871,RC1,SS,2,2,8,4,1,,,,
Scott,Hastings,1871,RC1,1B,1,4,0,1,0,,,,
Scott,Hastings,1871,RC1,2B,2,4,5,1,0,,,,
Scott,Hastings,1871,RC1,C,23,77,18,16,3,0,,,
Scott,Hastings,1871,RC1,OF,2,1,0,0,0,,,,
John,Hatfield,1871,NY2,2B,7,22,16,6,2,,,,
John,Hatfield,1871,NY2,3B,2,4,4,5,0,,,,
John,Hatfield,1871,NY2,OF,24,79,2,14,0,,,,
George,Heubel,1871,PH1,1B,1,6,0,0,0,,,,
George,Heubel,1871,PH1,OF,16,22,3,8,0,,,,
Dick,Higham,1871,NY2,2B,12,29,30,20,3,,,,
Dick,Higham,1871,NY2,C,1,6,0,2,0,0,,,
Dick,Higham,1871,NY2,OF,8,14,0,4,0,,,,
Charlie,Hodes,1871,CH1,3B,10,10,27,23,1,,,,
Charlie,Hodes,1871,CH1,C,20,64,18,21,2,0,,,
Charlie,Hodes,1871,CH1,OF,4,2,0,0,0,,,,
Charlie,Hodes,1871,CH1,SS,1,1,1,0,0,,,,
Ham,Allen,1872,MID,OF,9,10,5,5,1,,,,
Ham,Allen,1872,MID,SS,8,6,31,8,0,,,,
Andy,Allison,1872,BR1,1B,22,229,2,22,5,,,,
Andy,Allison,1872,BR1,OF,1,0,0,2,0,,,,
Art,Allison,1872,CL1,OF,19,39,2,10,1,,,,
Bill,Allison,1872,BR1,1B,2,24,0,2,0,,,,
Bill,Allison,1872,BR1,2B,1,1,4,2,0,,,,
Bill,Allison,1872,BR1,OF,2,2,0,3,0,,,,
Doug,Allison,1872,TRO,C,22,107,23,15,2,0,,,
Doug,Allison,1872,TRO,SS,1,1,2,0,0,,,,
Doug,Allison,1872,BR1,C,18,64,8,14,0,0,,,
Cap,Anson,1872,PH1,3B,46,89,84,57,5,,,,
Billy,Arnold,1872,MID,OF,2,1,0,0,0,,,,
Tom,Barlow,1872,BR2,3B,1,0,0,0,0,,,,
Tom,Barlow,1872,BR2,C,36,92,48,44,1,0,,,
Tom,Barlow,1872,BR2,SS,4,1,4,1,0,,,,
Ross,Barnes,1872,BS1,2B,45,138,162,33,30,,,,
John,Barrett,1872,BR2,OF,8,21,0,5,0,,,,
Bill,Barrett,1872,WS3,C,1,2,0,3,0,0,,,
John,Bass,1872,BR2,OF,2,2,0,2,0,,,,
Tommy,Beals,1872,WS3,2B,5,11,18,5,2,,,,
Tommy,Beals,1872,WS3,OF,2,0,0,2,0,,,,
Tommy,Beals,1872,WS3,SS,2,3,8,4,0,,,,
Edward,Beavens,1872,BR2,2B,10,17,24,19,2,,,,
Edward,Beavens,1872,BR2,OF,1,0,0,1,0,,,,
Edward,Beavens,1872,BR2,SS,1,1,2,2,0,,,,
George,Bechtel,1872,NY2,1B,1,6,0,3,0,,,,
George,Bechtel,1872,NY2,OF,50,75,4,17,1,,,,
Steve,Bellan,1872,TRO,3B,8,14,15,11,1,,,,
Steve,Bellan,1872,TRO,OF,6,10,2,3,0,,,,
Steve,Bellan,1872,TRO,SS,9,12,21,16,0,,,,
Cy,Bentley,1872,MID,OF,7,12,1,1,1,,,,
Cy,Bentley,1872,MID,P,18,8,42,9,2,,,,
William,Bestick,1872,BR1,C,4,14,3,5,0,0,,,
Oscar,Bielaski,1872,WS4,OF,10,14,0,5,0,,,,
Dave,Birdsall,1872,BS1,C,12,44,13,11,0,0,,,
Dave,Birdsall,1872,BS1,OF,8,5,0,1,0,,,,
Eddie,Booth,1872,MID,2B,20,63,60,38,4,,,,
Eddie,Booth,1872,MID,OF,4,5,1,0,0,,,,
Eddie,Booth,1872,BR2,2B,1,2,5,1,1,,,,
Eddie,Booth,1872,BR2,OF,14,16,3,5,0,,,,
Bill,Boyd,1872,NY2,3B,34,53,63,43,2,,,,
Bill,Boyd,1872,NY2,OF,1,2,0,0,0,,,,
Asa,Brainard,1872,WS3,P,9,1,9,6,0,,,,
Asa,Brainard,1872,MID,2B,4,7,8,7,0,,,,
Asa,Brainard,1872,MID,OF,1,0,0,0,0,,,,
Asa,Brainard,1872,MID,P,2,0,2,0,0,,,,
Jim,Britt,1872,BR2,P,37,13,53,17,1,,,,
Oliver,Brown,1872,BR2,OF,4,8,0,1,0,,,,
Jack,Burdock,1872,BR2,2B,2,3,3,0,0,,,,
Jack,Burdock,1872,BR2,C,4,3,4,2,0,0,,,
Jack,Burdock,1872,BR2,SS,36,49,114,58,2,,,,
Henry,Burroughs,1872,WS3,OF,2,4,1,3,0,,,,
Frank,Buttery,1872,MID,3B,5,8,17,8,0,,,,
Frank,Buttery,1872,MID,OF,8,3,0,2,0,,,,
Frank,Buttery,1872,MID,P,7,1,3,1,0,,,,
Tom,Carey,1872,BL1,1B,1,5,0,1,0,,,,
Tom,Carey,1872,BL1,2B,29,79,44,28,3,,,,
Tom,Carey,1872,BL1,3B,3,4,2,4,0,,,,
Tom,Carey,1872,BL1,OF,3,4,0,3,0,,,,
Tom,Carey,1872,BL1,SS,9,11,19,12,0,,,,
Jim,Carleton,1872,CL1,1B,7,61,4,3,4,,,,
John,Clapp,1872,MID,C,19,64,28,15,1,0,,,
John,Clapp,1872,MID,OF,1,1,0,0,0,,,,
John,Clapp,1872,MID,SS,2,0,5,1,2,,,,
Denny,Clare,1872,BR2,2B,2,0,6,1,0,,,,
Denny,Clare,1872,BR2,SS,1,1,0,4,0,,,,
Jim,Clinton,1872,BR1,2B,3,9,4,6,0,,,,
Jim,Clinton,1872,BR1,3B,10,16,24,17,0,,,,
Jim,Clinton,1872,BR1,C,2,3,0,2,0,0,,,
Jim,Clinton,1872,BR1,OF,11,18,1,5,0,,,,
Jim,Clinton,1872,BR1,SS,2,2,6,5,0,,,,
Dennis,Coughlin,1872,WS4,1B,1,2,0,1,0,,,,
Dennis,Coughlin,1872,WS4,2B,1,0,4,2,0,,,,
Dennis,Coughlin,1872,WS4,OF,5,15,1,1,1,,,,
Dennis,Coughlin,1872,WS4,SS,1,2,3,3,0,,,,
Bill,Craver,1872,BL1,2B,2,5,8,4,0,,,,
Bill,Craver,1872,BL1,3B,2,2,2,5,0,,,,
Bill,Craver,1872,BL1,C,27,166,26,28,4,0,,,
Bill,Craver,1872,BL1,OF,4,0,0,1,0,,,,
Candy,Cummings,1872,NY2,OF,2,0,0,2,0,,,,
Candy,Cummings,1872,NY2,P,55,20,61,9,3,,,,
Ned,Cuthbert,1872,PH1,OF,47,95,2,16,0,,,,
Herman,Dehlman,1872,BR2,1B,37,459,4,36,9,,,,
Herm,Doscher,1872,BR2,OF,6,9,1,3,0,,,,
Jacob,Doyle,1872,WS4,2B,1,2,0,3,0,,,,
Jacob,Doyle,1872,WS4,SS,8,14,22,18,0,,,,
Dave,Eggler,1872,NY2,OF,56,154,12,14,2,,,,
Bob,Ferguson,1872,BR2,3B,37,84,178,62,7,,,,
Bob,Ferguson,1872,BR2,C,1,0,0,0,0,0,,,
George,Fields,1872,MID,3B,12,17,10,21,0,,,,
George,Fields,1872,MID,OF,5,3,0,0,0,,,,
George,Fields,1872,MID,SS,1,1,2,1,0,,,,
Cherokee,Fisher,1872,BL1,3B,18,45,29,33,2,,,,
Cherokee,Fisher,1872,BL1,OF,19,14,1,4,1,,,,
Cherokee,Fisher,1872,BL1,P,19,14,21,11,1,,,,
Wes,Fisler,1872,PH1,2B,47,117,140,32,13,,,,
Frank,Fleet,1872,BR1,2B,2,6,8,3,0,,,,
Frank,Fleet,1872,BR1,3B,10,26,31,18,1,,,,
Frank,Fleet,1872,BR1,OF,2,1,0,0,0,,,,
George,Fletcher,1872,BR1,OF,2,2,0,2,0,,,,
Dickie,Flowers,1872,PH1,SS,3,1,8,5,0,,,,
Clipper,Flynn,1872,WS3,1B,9,107,1,12,5,,,,
Davy,Force,1872,TRO,3B,16,32,42,11,4,,,,
Davy,Force,1872,TRO,SS,9,15,28,10,2,,,,
Davy,Force,1872,BL1,3B,19,43,45,16,0,,,,
Chick,Fulmer,1872,NY2,3B,22,39,43,27,2,,,,
Chick,Fulmer,1872,NY2,SS,14,24,53,17,5,,,,
John,Galvin,1872,BR2,2B,1,1,0,4,0,,,,
Count,Gedney,1872,TRO,OF,9,14,0,1,0,,,,
Count,Gedney,1872,BR1,OF,18,51,0,5,0,,,,
John,Glenn,1872,WS3,OF,9,29,3,8,2,,,,
John,Glenn,1872,WS4,OF,1,2,0,1,0,,,,
Wally,Goldsmith,1872,WS3,2B,4,14,14,12,4,,,,
Wally,Goldsmith,1872,WS3,SS,5,6,13,9,1,,,,
Charlie,Gould,1872,BS1,1B,44,513,6,37,32,,,,
Charlie,Gould,1872,BS1,OF,2,3,0,0,0,,,,
George,Hall,1872,BL1,1B,1,4,0,0,1,,,,
George,Hall,1872,BL1,OF,52,88,4,18,2,,,,
Jim,Hall,1872,BR2,2B,13,35,34,23,5,,,,
Scott,Hastings,1872,CL1,2B,6,9,8,10,1,,,,
Scott,Hastings,1872,CL1,C,12,56,3,15,2,0,,,
Scott,Hastings,1872,CL1,OF,8,15,1,2,0,,,,
Scott,Hastings,1872,BL1,2B,2,7,3,4,1,,,,
Scott,Hastings,1872,BL1,C,12,58,14,8,1,0,,,
Scott,Hastings,1872,BL1,OF,1,0,0,0,0,,,,
John,Hatfield,1872,NY2,2B,56,160,162,58,25,,,,
George,Heubel,1872,WS3,OF,5,8,0,2,0,,,,
Nat,Hicks,1872,NY2,C,54,294,34,47,3,0,,,
Nat,Hicks,1872,NY2,OF,3,1,0,2,0,,,,
,Higby,1872,BR2,OF,1,2,0,1,0,,,,
Dick,Higham,1872,BL1,1B,1,9,0,3,0,,,,
Dick,Higham,1872,BL1,2B,5,10,6,7,0,,,,
Dick,Higham,1872,BL1,3B,2,2,2,6,0,,,,
Dick,Higham,1872,BL1,C,25,131,24,28,0,0,,,
Dick,Higham,1872,BL1,OF,24,29,1,11,0,,,,
Paul,Hines,1872,WS4,1B,9,74,1,12,0,,,,
Paul,Hines,1872,WS4,3B,2,2,2,3,0,,,,
Paul,Hines,1872,WS4,C,1,2,1,1,0,0,,,
Charlie,Hodes,1872,TRO,3B,1,3,1,1,0,,,,
Charlie,Hodes,1872,TRO,C,3,9,6,3,0,0,,,
Charlie,Hodes,1872,TRO,OF,4,5,1,2,0,,,,
Charlie,Hodes,1872,TRO,SS,5,2,20,7,0,,,,
Jim,Holdsworth,1872,CL1,SS,22,58,59,36,10,,,,
Jim,Holdsworth,1872,BR1,SS,2,5,9,1,0,,,,
Holly,Hollingshead,1872,WS4,2B,9,31,18,14,2,,,,
Bob,Addy,1873,PH2,2B,10,24,23,8,2,,,,
Bob,Addy,1873,BS1,OF,31,30,3,11,0,,,,
Art,Allison,1873,ELI,1B,3,27,0,6,0,,,,
Art,Allison,1873,ELI,C,1,5,1,1,0,0,,,
Art,Allison,1873,ELI,OF,21,37,2,7,1,,,,
Doug,Allison,1873,ELI,C,18,47,17,15,3,0,,,
Doug,Allison,1873,ELI,OF,3,1,0,1,0,,,,
Doug,Allison,1873,NY2,C,11,49,10,9,1,0,,,
Doug,Allison,1873,NY2,OF,1,0,0,0,0,,,,
Cap,Anson,1873,PH1,1B,36,396,9,34,19,,,,
Cap,Anson,1873,PH1,2B,3,4,5,7,1,,,,
Cap,Anson,1873,PH1,3B,11,27,16,10,1,,,,
Cap,Anson,1873,PH1,C,3,7,1,1,0,0,,,
Cap,Anson,1873,PH1,OF,3,6,1,1,0,,,,
Ed,Atkinson,1873,WS5,OF,2,1,0,0,0,,,,
Henry,Austin,1873,ELI,OF,23,35,4,15,1,,,,
Tom,Barlow,1873,BR2,2B,1,0,0,0,0,,,,
Tom,Barlow,1873,BR2,C,55,157,58,67,2,0,,,
Tom,Barlow,1873,BR2,SS,1,1,2,1,0,,,,
Ross,Barnes,1873,BS1,2B,47,167,168,58,22,,,,
Ross,Barnes,1873,BS1,3B,13,31,29,16,4,,,,
Bill,Barrett,1873,BL1,OF,1,0,0,0,0,,,,
Bill,Barrett,1873,BL1,SS,1,3,1,2,0,,,,
Joe,Battin,1873,PH1,OF,1,1,1,1,0,,,,
Tommy,Beals,1873,WS5,2B,26,101,81,27,16,,,,
Tommy,Beals,1873,WS5,C,13,26,12,9,1,0,,,
Tommy,Beals,1873,WS5,OF,1,1,0,0,0,,,,
George,Bechtel,1873,PH2,OF,52,84,9,16,2,,,,
George,Bechtel,1873,PH2,P,3,1,3,2,0,,,,
Steve,Bellan,1873,NY2,2B,3,0,1,0,0,,,,
Steve,Bellan,1873,NY2,3B,7,13,8,22,3,,,,
Oscar,Bielaski,1873,WS5,OF,38,64,7,21,0,,,,
Dave,Birdsall,1873,BS1,OF,3,1,0,4,0,,,,
Eddie,Booth,1873,ELI,2B,1,2,4,3,0,,,,
Eddie,Booth,1873,ELI,OF,17,27,1,5,0,,,,
Eddie,Booth,1873,BR2,OF,16,23,3,7,0,,,,
Bill,Boyd,1873,BR2,3B,8,13,18,7,1,,,,
Bill,Boyd,1873,BR2,OF,43,38,10,19,1,,,,
Asa,Brainard,1873,BL1,2B,1,0,2,1,0,,,,
Asa,Brainard,1873,BL1,OF,2,0,0,0,0,,,,
Asa,Brainard,1873,BL1,P,14,2,14,4,0,,,,
Jim,Britt,1873,BR2,OF,3,3,0,0,0,,,,
Jim,Britt,1873,BR2,P,54,12,71,31,0,,,,
Jack,Burdock,1873,BR2,2B,55,170,166,76,21,,,,
Jack,Burdock,1873,BR2,C,2,0,0,0,0,0,,,
Hugh,Campbell,1873,ELI,2B,1,2,4,1,0,,,,
Hugh,Campbell,1873,ELI,OF,1,0,0,0,0,,,,
Hugh,Campbell,1873,ELI,P,19,6,41,20,0,,,,
Hugh,Campbell,1873,ELI,SS,1,0,2,0,0,,,,
Michael,Campbell,1873,ELI,1B,18,225,2,18,5,,,,
Michael,Campbell,1873,ELI,OF,1,4,0,0,0,,,,
Michael,Campbell,1873,ELI,SS,3,8,8,6,0,,,,
Tom,Carey,1873,BL1,2B,54,134,134,49,22,,,,
Tom,Carey,1873,BL1,3B,4,1,5,4,0,,,,
Tom,Carey,1873,BL1,SS,3,2,13,2,0,,,,
John,Clapp,1873,PH1,2B,1,0,2,2,0,,,,
John,Clapp,1873,PH1,C,43,182,34,22,2,0,,,
John,Clapp,1873,PH1,OF,1,0,0,0,0,,,,
John,Clapp,1873,PH1,SS,6,1,15,7,0,,,,
Jim,Clinton,1873,ELI,3B,9,25,21,20,1,,,,
Fred,Crane,1873,ELI,2B,1,2,2,2,0,,,,
Bill,Craver,1873,BL1,1B,3,17,0,0,1,,,,
Bill,Craver,1873,BL1,C,22,78,21,9,2,0,,,
Bill,Craver,1873,BL1,OF,7,10,0,0,0,,,,
Bill,Craver,1873,BL1,SS,15,24,45,20,5,,,,
Candy,Cummings,1873,BL1,P,42,20,41,16,2,,,,
Ned,Cuthbert,1873,PH2,OF,51,110,2,20,1,,,,
Herman,Dehlman,1873,BR2,1B,54,682,9,53,21,,,,
Herman,Dehlman,1873,BR2,SS,1,0,1,0,0,,,,
Jim,Devlin,1873,PH2,1B,12,118,4,8,9,,,,
Jim,Devlin,1873,PH2,3B,6,8,11,12,1,,,,
Jim,Devlin,1873,PH2,OF,1,1,1,0,0,,,,
Jim,Devlin,1873,PH2,SS,5,4,6,6,0,,,,
John,Donnelly,1873,WS5,2B,12,36,36,10,1,,,,
John,Donnelly,1873,WS5,3B,1,0,0,0,0,,,,
John,Donnelly,1873,WS5,OF,6,13,1,4,0,,,,
John,Donnelly,1873,WS5,SS,13,16,38,15,4,,,,
Herm,Doscher,1873,BR2,OF,1,1,0,1,0,,,,
Dave,Eggler,1873,NY2,3B,1,0,0,1,0,,,,
Dave,Eggler,1873,NY2,OF,53,119,6,20,1,,,,
Frederick,Ehlen,1873,BL4,OF,1,2,0,1,0,,,,
John,Farrow,1873,ELI,1B,1,6,0,2,0,,,,
John,Farrow,1873,ELI,C,9,26,9,17,0,0,,,
John,Farrow,1873,ELI,OF,3,2,0,0,0,,,,
John,Farrow,1873,ELI,SS,1,0,2,2,0,,,,
Bob,Ferguson,1873,BR2,3B,50,109,211,104,9,,,,
Bob,Ferguson,1873,BR2,P,4,0,4,1,0,,,,
Cherokee,Fisher,1873,PH1,1B,1,9,1,1,2,,,,
Cherokee,Fisher,1873,PH1,2B,3,3,4,3,0,,,,
Cherokee,Fisher,1873,PH1,OF,45,72,12,29,3,,,,
Cherokee,Fisher,1873,PH1,P,13,8,8,4,0,,,,
Wes,Fisler,1873,PH1,1B,10,72,2,13,3,,,,
Wes,Fisler,1873,PH1,2B,36,99,113,36,19,,,,
Frank,Fleet,1873,ELI,1B,1,11,0,0,0,,,,
Frank,Fleet,1873,ELI,2B,9,26,25,8,1,,,,
Frank,Fleet,1873,ELI,3B,2,6,8,4,0,,,,
Frank,Fleet,1873,ELI,P,3,4,7,0,0,,,,
Frank,Fleet,1873,ELI,SS,9,10,32,14,1,,,,
Davy,Force,1873,BL1,3B,34,59,73,29,1,,,,
Davy,Force,1873,BL1,P,3,0,1,0,0,,,,
Davy,Force,1873,BL1,SS,17,32,61,18,5,,,,
Bill,French,1873,BL4,1B,2,19,0,2,0,,,,
Bill,French,1873,BL4,3B,1,1,1,1,0,,,,
Bill,French,1873,BL4,OF,2,2,1,2,0,,,,
Bill,French,1873,BL4,P,1,0,0,0,0,,,,
Chick,Fulmer,1873,PH2,1B,1,5,0,1,0,,,,
Chick,Fulmer,1873,PH2,C,1,0,0,0,0,0,,,
Chick,Fulmer,1873,PH2,P,2,1,1,1,0,,,,
Chick,Fulmer,1873,PH2,SS,49,81,220,75,15,,,,
Count,Gedney,1873,NY2,OF,53,185,10,30,4,,,,
Joe,Gerhardt,1873,WS5,SS,13,9,40,21,4,,,,
John,Glenn,1873,WS5,1B,39,384,4,30,20,,,,
Wally,Goldsmith,1873,BL4,2B,1,1,3,2,0,,,,
John,Greason,1873,WS5,P,7,5,6,5,1,,,,
George,Hall,1873,BL1,OF,35,87,2,17,0,,,,
Scott,Hastings,1873,BL1,2B,1,1,1,1,0,,,,
Scott,Hastings,1873,BL1,C,19,81,10,11,2,0,,,
Scott,Hastings,1873,BL1,OF,12,18,0,2,0,,,,
John,Hatfield,1873,NY2,2B,11,29,20,11,1,,,,
John,Hatfield,1873,NY2,3B,45,105,84,65,5,,,,
John,Hatfield,1873,NY2,OF,1,0,0,0,0,,,,
Nat,Hicks,1873,NY2,C,28,170,23,52,4,0,,,
Dick,Higham,1873,NY2,2B,18,35,25,22,8,,,,
Dick,Higham,1873,NY2,C,17,100,17,22,1,0,,,
Dick,Higham,1873,NY2,OF,19,15,0,6,0,,,,
Paul,Hines,1873,WS5,2B,2,8,11,3,3,,,,
Paul,Hines,1873,WS5,C,1,2,0,1,0,0,,,
Paul,Hines,1873,WS5,OF,36,83,4,22,0,,,,
Jim,Holdsworth,1873,NY2,SS,53,78,146,65,10,,,,
Holly,Hollingshead,1873,WS5,2B,2,2,4,1,1,,,,
Holly,Hollingshead,1873,WS5,OF,30,65,5,14,0,,,,
Mike,Hooper,1873,BL4,C,1,3,1,3,0,0,,,
Mike,Hooper,1873,BL4,OF,2,5,0,1,0,,,,
Bob,Addy,1874,HR1,2B,45,125,139,48,7,,,,
Bob,Addy,1874,HR1,3B,5,10,10,15,0,,,,
Bob,Addy,1874,HR1,SS,1,0,1,2,0,,,,
Doug,Allison,1874,NY2,2B,1,1,0,1,0,,,,
Doug,Allison,1874,NY2,C,34,161,25,40,2,0,,,
Doug,Allison,1874,NY2,OF,47,28,4,8,0,,,,
Cap,Anson,1874,PH1,1B,24,229,5,16,9,,,,
Cap,Anson,1874,PH1,3B,20,38,33,21,2,,,,
Cap,Anson,1874,PH1,C,1,0,0,0,0,0,,,
Cap,Anson,1874,PH1,OF,8,11,1,4,0,,,,
Cap,Anson,1874,PH1,SS,6,5,18,8,0,,,,
Tom,Barlow,1874,HR1,SS,32,65,126,42,4,,,,
Ross,Barnes,1874,BS1,2B,51,160,167,55,31,,,,
Ross,Barnes,1874,BS1,OF,1,1,0,2,0,,,,
Billy,Barnie,1874,HR1,C,30,111,18,47,0,0,,,
Billy,Barnie,1874,HR1,OF,29,26,5,19,2,,,,
Billy,Barnie,1874,HR1,SS,1,0,0,2,0,,,,
Joe,Battin,1874,PH1,2B,41,111,124,54,20,,,,
Joe,Battin,1874,PH1,OF,7,13,1,6,0,,,,
Joe,Battin,1874,PH1,SS,5,10,11,9,0,,,,
Tommy,Beals,1874,BS1,2B,12,29,33,11,2,,,,
Tommy,Beals,1874,BS1,OF,9,6,2,4,0,,,,
George,Bechtel,1874,PH2,OF,28,38,0,14,0,,,,
George,Bechtel,1874,PH2,P,6,2,6,9,0,,,,
Oscar,Bielaski,1874,BL1,1B,1,3,0,1,0,,,,
Oscar,Bielaski,1874,BL1,OF,43,65,10,18,1,,,,
Frederick,Boardman,1874,BL1,OF,1,0,0,0,0,,,,
Tommy,Bond,1874,BR2,P,55,27,137,31,1,,,,
Eddie,Booth,1874,BR2,2B,1,1,0,0,0,,,,
Eddie,Booth,1874,BR2,OF,44,69,3,17,0,,,,
Bill,Boyd,1874,HR1,3B,25,43,44,44,6,,,,
Bill,Boyd,1874,HR1,OF,1,2,0,0,0,,,,
Steve,Brady,1874,HR1,3B,16,28,19,24,0,,,,
Steve,Brady,1874,HR1,OF,11,16,2,10,0,,,,
Steve,Brady,1874,HR1,SS,1,0,0,1,0,,,,
Asa,Brainard,1874,BL1,2B,21,24,41,22,1,,,,
Asa,Brainard,1874,BL1,OF,2,1,0,0,0,,,,
Asa,Brainard,1874,BL1,P,30,8,33,9,2,,,,
Robert,Brown,1874,BL1,SS,2,3,5,3,0,,,,
Jack,Burdock,1874,NY2,3B,60,160,131,64,7,,,,
Jack,Burdock,1874,NY2,OF,3,3,0,0,0,,,,
Tom,Carey,1874,NY2,2B,13,30,34,18,2,,,,
Tom,Carey,1874,NY2,SS,51,40,133,50,5,,,,
Lew,Carl,1874,BL1,C,1,1,0,3,0,0,,,
Jack,Chapman,1874,BR2,1B,1,10,0,0,0,,,,
Jack,Chapman,1874,BR2,OF,53,51,12,22,0,,,,
Bobby,Clack,1874,BR2,1B,2,29,1,3,1,,,,
Bobby,Clack,1874,BR2,OF,31,55,5,17,0,,,,
John,Clapp,1874,PH1,C,27,126,23,24,3,0,,,
John,Clapp,1874,PH1,OF,15,19,1,10,1,,,,
John,Clapp,1874,PH1,SS,1,0,1,0,0,,,,
Jim,Clinton,1874,BR2,2B,1,2,2,5,0,,,,
Jim,Clinton,1874,BR2,OF,1,0,0,0,0,,,,
Dan,Collins,1874,CH2,OF,2,3,0,0,0,,,,
Dan,Collins,1874,CH2,P,2,0,5,0,0,,,,
Dan,Collins,1874,CH2,SS,1,1,0,1,0,,,,
Terry,Connell,1874,CH2,C,1,2,1,4,0,0,,,
Bill,Craver,1874,PH2,1B,1,1,1,0,0,,,,
Bill,Craver,1874,PH2,2B,54,175,138,75,27,,,,
Bill,Craver,1874,PH2,C,5,12,4,8,0,0,,,
Candy,Cummings,1874,PH2,OF,1,0,0,0,0,,,,
Candy,Cummings,1874,PH2,P,54,16,73,23,0,,,,
Ned,Cuthbert,1874,CH2,C,4,15,2,6,0,0,,,
Ned,Cuthbert,1874,CH2,OF,55,135,10,35,1,,,,
Harry,Deane,1874,BL1,2B,2,3,4,2,0,,,,
Harry,Deane,1874,BL1,OF,46,75,6,18,2,,,,
Harry,Deane,1874,BL1,SS,1,0,1,1,0,,,,
Herman,Dehlman,1874,BR2,1B,53,701,9,42,8,,,,
Jim,Devlin,1874,CH2,1B,24,248,3,19,5,,,,
Jim,Devlin,1874,CH2,3B,5,5,6,9,0,,,,
Jim,Devlin,1874,CH2,OF,17,20,2,7,2,,,,
John,Donnelly,1874,PH2,2B,1,1,1,1,0,,,,
John,Donnelly,1874,PH2,OF,3,2,0,1,0,,,,
John,Donnelly,1874,PH2,SS,2,1,3,3,0,,,,
Dave,Eggler,1874,PH2,2B,2,5,3,1,0,,,,
Dave,Eggler,1874,PH2,OF,57,135,9,15,3,,,,
Jack,Farrell,1874,HR1,OF,3,6,0,0,0,,,,
John,Farrow,1874,BR2,2B,12,34,45,23,5,,,,
John,Farrow,1874,BR2,C,16,40,19,26,1,0,,,
John,Farrow,1874,BR2,OF,3,0,2,0,0,,,,
Bob,Ferguson,1874,BR2,3B,55,79,158,75,1,,,,
Bob,Ferguson,1874,BR2,C,2,8,1,4,0,0,,,
Bob,Ferguson,1874,BR2,P,1,0,3,1,1,,,,
Cherokee,Fisher,1874,HR1,3B,7,12,12,16,0,,,,
Cherokee,Fisher,1874,HR1,OF,12,9,4,2,0,,,,
Cherokee,Fisher,1874,HR1,P,39,29,46,15,2,,,,
Cherokee,Fisher,1874,HR1,SS,2,1,1,1,0,,,,
Wes,Fisler,1874,PH1,1B,28,271,10,14,17,,,,
Wes,Fisler,1874,PH1,2B,9,12,29,6,2,,,,
Wes,Fisler,1874,PH1,OF,1,0,0,0,0,,,,
Frank,Fleet,1874,BR2,2B,11,31,26,21,0,,,,
Frank,Fleet,1874,BR2,C,13,54,9,20,1,0,,,
Frank,Fleet,1874,BR2,OF,1,0,0,0,0,,,,
Davy,Force,1874,CH2,3B,42,93,113,51,6,,,,
Davy,Force,1874,CH2,P,1,0,2,1,0,,,,
Davy,Force,1874,CH2,SS,18,23,66,16,2,,,,
Chick,Fulmer,1874,PH2,3B,25,48,61,40,3,,,,
Chick,Fulmer,1874,PH2,SS,32,50,119,44,8,,,,
,Gavern,1874,BR2,2B,1,1,8,3,0,,,,
Count,Gedney,1874,PH1,1B,4,43,1,6,1,,,,
Count,Gedney,1874,PH1,OF,51,126,3,28,2,,,,
Billy,Geer,1874,NY2,OF,2,6,2,1,1,,,,
Joe,Gerhardt,1874,BL1,SS,14,7,59,22,3,,,,
Henry,Gilroy,1874,CH2,C,8,25,6,7,0,0,,,
John,Glenn,1874,CH2,1B,37,328,9,30,10,,,,
John,Glenn,1874,CH2,OF,19,38,2,13,1,,,,
Charlie,Gould,1874,BL1,1B,32,344,4,18,11,,,,
Charlie,Gould,1874,BL1,C,1,4,2,1,0,0,,,
George,Hall,1874,BS1,OF,47,85,5,21,2,,,,
Jim,Hall,1874,BR2,2B,2,4,2,1,0,,,,
Jim,Hall,1874,BR2,OF,1,2,0,0,0,,,,
Scott,Hastings,1874,HR1,2B,1,4,2,2,0,,,,
Scott,Hastings,1874,HR1,C,39,117,29,48,4,0,,,
Scott,Hastings,1874,HR1,OF,26,23,2,9,0,,,,
Scott,Hastings,1874,HR1,SS,1,1,1,1,0,,,,
John,Hatfield,1874,NY2,1B,1,3,0,2,0,,,,
John,Hatfield,1874,NY2,3B,7,16,13,7,2,,,,
John,Hatfield,1874,NY2,OF,58,171,3,25,0,,,,
John,Hatfield,1874,NY2,P,3,2,5,0,1,,,,
John,Hatfield,1874,NY2,SS,1,0,1,1,0,,,,
Nat,Hicks,1874,PH2,2B,1,0,0,0,0,,,,
Nat,Hicks,1874,PH2,C,57,261,59,69,4,0,,,
Nat,Hicks,1874,PH2,OF,4,3,0,0,0,,,,
Dick,Higham,1874,NY2,2B,1,2,0,1,0,,,,
Dick,Higham,1874,NY2,C,48,248,45,51,4,0,,,
Dick,Higham,1874,NY2,OF,33,13,2,18,0,,,,
Paul,Hines,1874,CH2,2B,11,28,24,15,2,,,,
Paul,Hines,1874,CH2,OF,50,137,5,20,2,,,,
Paul,Hines,1874,CH2,SS,2,2,4,5,0,,,,
Charlie,Hodes,1874,BR2,1B,1,0,0,1,0,,,,
Charlie,Hodes,1874,BR2,2B,3,7,5,5,0,,,,
Charlie,Hodes,1874,BR2,C,3,2,1,4,0,0,,,
Charlie,Hodes,1874,BR2,OF,18,32,1,7,0,,,,
Jim,Holdsworth,1874,PH2,1B,1,10,0,5,1,,,,
Jim,Holdsworth,1874,PH2,2B,2,1,2,1,0,,,,
Jim,Holdsworth,1874,PH2,3B,31,58,42,44,5,,,,
Jim,Holdsworth,1874,PH2,OF,6,3,0,3,0,,,,
Jim,Holdsworth,1874,PH2,SS,21,26,59,45,5,,,,
John,Abadie,1875,PH3,1B,11,122,3,12,1,,,,
John,Abadie,1875,BR2,1B,1,7,0,1,0,,,,
Bob,Addy,1875,PH2,2B,2,3,7,3,0,,,,
Bob,Addy,1875,PH2,OF,68,91,14,33,2,,,,
Art,Allison,1875,WS6,1B,23,252,2,21,6,,,,
Art,Allison,1875,WS6,C,1,6,1,6,0,0,,,
Art,Allison,1875,WS6,OF,3,5,0,0,0,,,,
Art,Allison,1875,HR1,1B,1,11,0,2,0,,,,
Art,Allison,1875,HR1,2B,2,3,2,3,0,,,,
Art,Allison,1875,HR1,C,1,0,0,1,0,0,,,
Art,Allison,1875,HR1,OF,37,34,17,14,2,,,,
Doug,Allison,1875,HR1,1B,2,12,0,2,0,,,,
Doug,Allison,1875,HR1,C,59,338,57,46,5,0,,,
Doug,Allison,1875,HR1,OF,2,1,0,0,0,,,,
Cap,Anson,1875,PH1,1B,32,269,14,24,13,,,,
Cap,Anson,1875,PH1,3B,5,2,8,3,1,,,,
Cap,Anson,1875,PH1,C,13,41,14,15,1,0,,,
Cap,Anson,1875,PH1,OF,25,40,13,12,5,,,,
Harry,Arundel,1875,BR2,OF,1,0,0,0,0,,,,
Harry,Arundel,1875,BR2,P,1,0,0,0,0,,,,
Studs,Bancker,1875,NH1,1B,1,0,0,0,0,,,,
Studs,Bancker,1875,NH1,2B,4,15,9,10,0,,,,
Studs,Bancker,1875,NH1,3B,3,2,6,1,0,,,,
Studs,Bancker,1875,NH1,C,14,29,14,11,1,0,,,
Studs,Bancker,1875,NH1,SS,1,1,2,1,1,,,,
Tom,Barlow,1875,NH1,SS,1,3,5,2,0,,,,
Tom,Barlow,1875,BR2,2B,1,2,0,2,0,,,,
Ross,Barnes,1875,BS1,2B,76,253,252,71,35,,,,
Ross,Barnes,1875,BS1,OF,3,4,0,2,0,,,,
Ross,Barnes,1875,BS1,SS,2,0,1,1,0,,,,
Billy,Barnie,1875,KEO,C,3,21,4,3,0,0,,,
Billy,Barnie,1875,KEO,OF,7,16,0,2,0,,,,
Billy,Barnie,1875,NY2,C,6,21,6,9,0,0,,,
Billy,Barnie,1875,NY2,OF,3,2,0,1,0,,,,
Joe,Battin,1875,SL2,2B,62,168,211,61,22,,,,
Joe,Battin,1875,SL2,3B,6,9,19,4,1,,,,
Joe,Battin,1875,SL2,C,2,2,0,3,0,0,,,
Joe,Battin,1875,SL2,OF,1,1,0,0,0,,,,
Tommy,Beals,1875,BS1,2B,8,21,15,8,4,,,,
Tommy,Beals,1875,BS1,OF,30,50,2,8,1,,,,
George,Bechtel,1875,PH3,P,14,10,24,9,2,,,,
George,Bechtel,1875,PH1,OF,31,60,4,15,1,,,,
George,Bechtel,1875,PH1,P,4,4,5,0,0,,,,
Oscar,Bielaski,1875,CH2,OF,51,68,12,27,2,,,,
Joe,Blong,1875,SL1,OF,4,3,2,2,0,,,,
Joe,Blong,1875,SL1,P,15,15,36,4,1,,,,
,Boland,1875,BR2,3B,1,2,1,1,0,,,,
Tommy,Bond,1875,HR1,1B,4,21,0,2,0,,,,
Tommy,Bond,1875,HR1,2B,3,9,8,0,1,,,,
Tommy,Bond,1875,HR1,OF,29,28,10,13,2,,,,
Tommy,Bond,1875,HR1,P,40,32,92,13,4,,,,
,Booth,1875,NH1,SS,1,0,1,1,0,,,,
Eddie,Booth,1875,NY2,2B,8,10,11,4,0,,,,
Eddie,Booth,1875,NY2,OF,63,75,16,19,2,,,,
Joe,Borden,1875,PH2,P,7,2,12,3,0,,,,
Bill,Boyd,1875,BR2,1B,2,16,0,4,0,,,,
Bill,Boyd,1875,BR2,2B,15,35,37,21,3,,,,
Bill,Boyd,1875,BR2,3B,9,16,12,16,0,,,,
Bill,Boyd,1875,BR2,OF,12,14,6,10,0,,,,
Bill,Boyd,1875,BR2,P,1,0,0,0,0,,,,
Bill,Boyd,1875,BR2,SS,1,0,0,0,0,,,,
George,Bradley,1875,SL2,2B,1,0,0,1,0,,,,
George,Bradley,1875,SL2,OF,1,0,0,0,0,,,,
George,Bradley,1875,SL2,P,60,52,121,20,8,,,,
George,Bradley,1875,SL2,SS,2,2,2,1,1,,,,
Spike,Brady,1875,CH2,OF,1,4,1,3,0,,,,
Steve,Brady,1875,WS6,1B,1,9,0,2,0,,,,
Steve,Brady,1875,WS6,2B,18,32,56,20,2,,,,
Steve,Brady,1875,WS6,C,1,1,0,0,0,0,,,
Steve,Brady,1875,WS6,OF,2,5,0,1,0,,,,
Steve,Brady,1875,HR1,OF,1,2,1,0,0,,,,
Mike,Brannock,1875,CH2,3B,2,0,3,3,0,,,,
Oliver,Brown,1875,BR2,1B,2,10,0,2,0,,,,
Oliver,Brown,1875,BR2,OF,2,3,0,1,0,,,,
Jack,Burdock,1875,HR1,2B,73,208,185,46,24,,,,
Jack,Burdock,1875,HR1,3B,2,3,0,2,0,,,,
Jack,Burdock,1875,HR1,C,1,0,0,1,0,0,,,
Doc,Bushong,1875,BR2,C,1,4,0,1,1,0,,,
John,Carbine,1875,KEO,1B,10,112,3,6,4,,,,
Tom,Carey,1875,HR1,2B,1,0,0,0,0,,,,
Tom,Carey,1875,HR1,SS,86,89,240,61,17,,,,
John,Cassidy,1875,BR2,1B,10,101,1,9,2,,,,
John,Cassidy,1875,BR2,2B,2,2,3,0,0,,,,
John,Cassidy,1875,BR2,OF,12,4,1,5,1,,,,
John,Cassidy,1875,BR2,P,30,19,49,19,1,,,,
John,Cassidy,1875,NH1,1B,6,80,1,1,4,,,,
Jack,Chapman,1875,SL2,1B,1,3,0,0,0,,,,
Jack,Chapman,1875,SL2,OF,43,49,6,20,2,,,,
Bobby,Clack,1875,BR2,1B,1,3,0,2,0,,,,
Bobby,Clack,1875,BR2,OF,17,35,4,6,2,,,,
John,Clapp,1875,PH1,C,60,305,62,53,4,0,,,
Jim,Clinton,1875,BR2,1B,5,29,4,1,1,,,,
Jim,Clinton,1875,BR2,2B,1,5,1,1,0,,,,
Jim,Clinton,1875,BR2,OF,7,9,2,1,0,,,,
Jim,Clinton,1875,BR2,P,17,7,32,8,1,,,,
William,Coon,1875,PH1,C,4,13,4,4,1,0,,,
William,Coon,1875,PH1,OF,1,0,0,0,0,,,,
Fred,Crane,1875,BR2,1B,20,213,9,11,12,,,,
Fred,Crane,1875,BR2,OF,1,3,0,1,0,,,,
Fred,Crane,1875,BR2,SS,1,0,2,2,0,,,,
Bill,Craver,1875,PH3,1B,1,13,0,4,2,,,,
Bill,Craver,1875,PH3,3B,4,10,10,5,0,,,,
Bill,Craver,1875,PH3,SS,9,12,39,15,2,,,,
Bill,Craver,1875,PH1,2B,54,140,152,49,28,,,,
Bill,Craver,1875,PH1,3B,1,0,1,0,0,,,,
Bill,Craver,1875,PH1,C,2,4,1,2,0,0,,,
Art,Croft,1875,SL1,OF,19,24,0,6,0,,,,
Bill,Crowley,1875,PH2,1B,1,5,0,0,1,,,,
Bill,Crowley,1875,PH2,3B,4,6,6,3,0,,,,
Bill,Crowley,1875,PH2,OF,4,11,0,2,0,,,,
Candy,Cummings,1875,HR1,OF,6,4,0,3,0,,,,
Candy,Cummings,1875,HR1,P,48,28,85,11,5,,,,
Ned,Cuthbert,1875,SL2,2B,1,1,0,1,0,,,,
Ned,Cuthbert,1875,SL2,C,3,1,2,5,0,0,,,
Ned,Cuthbert,1875,SL2,OF,67,102,2,17,0,,,,
John,Dailey,1875,WS6,2B,2,3,4,3,0,,,,
John,Dailey,1875,WS6,3B,5,12,3,7,0,,,,
John,Dailey,1875,WS6,SS,20,27,75,24,2,,,,
John,Dailey,1875,BR2,1B,1,9,0,2,0,,,,
John,Dailey,1875,BR2,OF,2,1,0,0,0,,,,
John,Dailey,1875,BR2,SS,1,0,0,2,0,,,,
Herman,Dehlman,1875,SL2,1B,67,849,12,41,26,,,,
Herman,Dehlman,1875,SL2,OF,2,2,0,0,0,,,,
Jim,Devlin,1875,CH2,1B,42,472,11,34,11,,,,
Jim,Devlin,1875,CH2,OF,4,1,0,0,0,,,,
Jim,Devlin,1875,CH2,P,28,15,52,11,1,,,,
John,Dillon,1875,SL1,SS,1,0,0,0,0,,,,
Packy,Dillon,1875,SL1,C,3,11,1,1,0,0,,,
Lester,Dole,1875,NH1,OF,1,3,0,1,0,,,,
Herm,Doscher,1875,WS6,3B,22,32,53,28,1,,,,
,Edwards,1875,BR2,OF,1,1,0,0,0,,,,
,Edwards,1875,BR2,P,1,0,0,1,0,,,,
Dave,Eggler,1875,PH1,OF,66,132,7,12,3,,,,
Joe,Ellick,1875,SL1,3B,5,3,5,9,0,,,,
Joe,Ellick,1875,SL1,OF,2,4,0,2,0,,,,
,Evans,1875,NH1,OF,1,0,0,0,0,,,,
Bob,Ferguson,1875,HR1,3B,85,173,157,69,7,,,,
Bob,Ferguson,1875,HR1,P,1,0,0,0,0,,,,
Sam,Field,1875,PH3,C,2,14,1,6,0,0,,,
Sam,Field,1875,PH3,OF,1,1,0,1,0,,,,
Sam,Field,1875,WS6,C,4,18,1,7,0,0,,,
Sam,Field,1875,WS6,OF,1,1,0,0,0,,,,
Cherokee,Fisher,1875,PH2,OF,5,2,1,1,1,,,,
Cherokee,Fisher,1875,PH2,P,41,33,53,10,1,,,,
Wes,Fisler,1875,PH1,1B,46,450,6,20,25,,,,
Wes,Fisler,1875,PH1,2B,5,10,9,1,0,,,,
Wes,Fisler,1875,PH1,OF,10,7,1,3,0,,,,
Frank,Fleet,1875,SL2,3B,1,1,3,1,1,,,,
Frank,Fleet,1875,SL2,OF,1,1,0,1,0,,,,
Frank,Fleet,1875,SL2,P,3,2,7,1,1,,,,
Frank,Fleet,1875,BR2,2B,10,24,23,15,1,,,,
Frank,Fleet,1875,BR2,3B,1,0,0,0,0,,,,
Frank,Fleet,1875,BR2,C,11,34,7,16,1,0,,,
Frank,Fleet,1875,BR2,P,2,1,6,2,0,,,,
Frank,Fleet,1875,BR2,SS,9,9,19,8,0,,,,
Silver,Flint,1875,SL1,3B,1,0,0,1,0,,,,
Silver,Flint,1875,SL1,C,16,72,19,20,1,0,,,
Silver,Flint,1875,SL1,OF,2,2,0,1,0,,,,
Will,Foley,1875,CH2,3B,3,4,9,3,1,,,,
Davy,Force,1875,PH1,3B,2,3,1,1,0,,,,
Davy,Force,1875,PH1,SS,77,116,259,48,22,,,,
Chick,Fulmer,1875,PH2,3B,17,28,28,15,4,,,,
Chick,Fulmer,1875,PH2,SS,53,77,181,51,7,,,,
Washington,Fulmer,1875,BR2,OF,1,3,0,1,0,,,,
Pud,Galvin,1875,SL2,OF,6,6,0,1,0,,,,
Pud,Galvin,1875,SL2,P,8,1,22,2,1,,,,
Count,Gedney,1875,NY2,OF,67,201,8,39,2,,,,
Count,Gedney,1875,NY2,P,2,3,3,1,0,,,,
Billy,Geer,1875,NH1,1B,1,8,2,2,0,,,,
Billy,Geer,1875,NH1,2B,13,48,47,26,2,,,,
Billy,Geer,1875,NH1,3B,1,1,1,1,0,,,,
Billy,Geer,1875,NH1,OF,17,20,6,8,3,,,,
Billy,Geer,1875,NH1,SS,6,14,18,12,0,,,,
Joe,Gerhardt,1875,NY2,2B,13,28,37,15,5,,,,
Joe,Gerhardt,1875,NY2,3B,47,82,98,59,3,,,,
Joe,Gerhardt,1875,NY2,OF,1,0,0,0,0,,,,
Joe,Gerhardt,1875,NY2,SS,1,1,4,1,0,,,,
Hugh,Gilgan,1875,BR2,C,1,2,0,0,0,0,,,
Hugh,Gilgan,1875,BR2,OF,1,1,0,0,0,,,,
Thomas,Gilmore,1875,WS6,3B,1,0,0,0,0,,,,
Thomas,Gilmore,1875,WS6,C,2,3,3,3,0,0,,,
Thomas,Gilmore,1875,WS6,OF,1,1,1,0,0,,,,
Henry,Gilroy,1875,PH1,C,1,4,0,1,0,0,,,
Henry,Gilroy,1875,PH1,OF,1,1,2,2,0,,,,
John,Glenn,1875,CH2,1B,29,309,0,26,10,,,,
John,Glenn,1875,CH2,OF,44,103,3,12,1,,,,
Mike,Golden,1875,KEO,P,13,9,18,5,0,,,,
Mike,Golden,1875,CH2,OF,27,45,5,10,1,,,,
Mike,Golden,1875,CH2,P,14,13,21,6,0,,,,
Fred,Goldsmith,1875,NH1,2B,1,4,3,3,0,,,,
Wally,Goldsmith,1875,KEO,3B,13,12,23,8,2,,,,
Charlie,Gould,1875,NH1,1B,26,329,3,19,8,,,,
Charlie,Gould,1875,NH1,C,1,2,0,5,0,0,,,
Charlie,Gould,1875,NH1,OF,1,1,0,1,0,,,,
Bill,Hague,1875,SL2,1B,1,12,0,3,0,,,,
Bill,Hague,1875,SL2,3B,62,90,128,61,3,,,,
George,Hall,1875,PH1,1B,1,1,0,0,0,,,,
George,Hall,1875,PH1,OF,77,165,8,22,2,,,,
Jimmy,Hallinan,1875,KEO,SS,13,14,32,16,2,,,,
Jimmy,Hallinan,1875,NY2,3B,1,1,1,3,0,,,,
Jimmy,Hallinan,1875,NY2,OF,1,0,0,0,0,,,,
Jimmy,Hallinan,1875,NY2,SS,43,52,134,57,3,,,,
Jim,Hall,1875,KEO,OF,1,0,0,1,0,,,,
Bill,Harbridge,1875,HR1,1B,3,23,1,1,1,,,,
Bill,Harbridge,1875,HR1,2B,11,26,20,14,4,,,,
Bill,Harbridge,1875,HR1,C,31,150,26,26,1,0,,,
Bill,Harbridge,1875,HR1,OF,13,11,3,4,1,,,,
Bill,Harbridge,1875,HR1,SS,1,0,1,1,0,,,,
Rit,Harrison,1875,NH1,C,1,0,1,2,0,0,,,
Rit,Harrison,1875,NH1,SS,1,0,1,1,0,,,,
Scott,Hastings,1875,CH2,2B,3,2,7,3,0,,,,
Scott,Hastings,1875,CH2,C,46,171,53,51,2,0,,,
Scott,Hastings,1875,CH2,OF,29,29,8,11,0,,,,
John,Hatfield,1875,NY2,OF,1,2,0,0,0,,,,
Charlie,Hautz,1875,SL1,1B,19,231,3,20,6,,,,
Frank,Heifer,1875,BS1,1B,9,54,0,7,1,,,,
Frank,Heifer,1875,BS1,OF,6,12,0,3,0,,,,
Frank,Heifer,1875,BS1,P,2,0,0,0,0,,,,
,Hellings,1875,BR2,2B,1,3,3,2,0,,,,
Nat,Hicks,1875,NY2,C,60,296,67,80,7,0,,,
Nat,Hicks,1875,NY2,OF,5,5,1,1,0,,,,
Dick,Higham,1875,CH2,2B,13,34,38,17,2,,,,
Dick,Higham,1875,CH2,C,24,110,14,27,0,0,,,
Dick,Higham,1875,CH2,OF,14,11,1,3,0,,,,
Dick,Higham,1875,NY2,1B,2,12,0,3,0,,,,
Dick,Higham,1875,NY2,2B,6,23,14,9,1,,,,
Dick,Higham,1875,NY2,C,8,27,7,12,0,0,,,
Dick,Higham,1875,NY2,OF,3,2,0,0,0,,,,
Paul,Hines,1875,CH2,2B,30,88,110,36,11,,,,
Paul,Hines,1875,CH2,C,1,0,0,0,0,0,,,
Paul,Hines,1875,CH2,OF,39,81,7,11,3,,,,
Paul,Hines,1875,CH2,SS,1,0,1,1,1,,,,
Jim,Holdsworth,1875,NY2,OF,45,87,12,28,2,,,,
Jim,Holdsworth,1875,NY2,SS,26,33,74,35,5,,,,
Holly,Hollingshead,1875,WS6,OF,19,32,6,8,1,,,,
Bob,Addy,1876,CHN,OF,32,46,6,13,0,,,,
Art,Allison,1876,LS1,1B,8,90,1,4,2,,,,
Art,Allison,1876,LS1,OF,23,34,11,12,1,,,,
Doug,Allison,1876,HAR,C,40,201,43,33,2,12,,,
Doug,Allison,1876,HAR,OF,6,5,0,1,0,,,,
Fred,Andrus,1876,CHN,OF,8,5,0,2,0,,,,
Cap,Anson,1876,CHN,3B,66,135,147,50,8,,,,
Cap,Anson,1876,CHN,C,2,2,0,0,0,1,,,
Ross,Barnes,1876,CHN,2B,66,167,199,36,22,,,,
Ross,Barnes,1876,CHN,P,1,0,0,0,0,,,,
Joe,Battin,1876,SL3,2B,1,3,1,0,0,,,,
Joe,Battin,1876,SL3,3B,63,115,145,40,8,,,,
George,Bechtel,1876,LS1,OF,14,14,1,2,0,,,,
George,Bechtel,1876,NY3,OF,2,3,0,4,0,,,,
John,Bergh,1876,PHN,C,1,2,2,1,0,5,,,
John,Bergh,1876,PHN,OF,1,1,0,0,0,,,,
Oscar,Bielaski,1876,CHN,OF,32,41,4,14,1,,,,
Joe,Blong,1876,SL3,OF,62,64,13,9,2,,,,
Joe,Blong,1876,SL3,P,1,0,2,0,0,,,,
Tommy,Bond,1876,HAR,P,45,25,93,15,0,,,,
Amos,Booth,1876,CN1,3B,24,29,28,18,0,,,,
Amos,Booth,1876,CN1,C,24,77,29,38,3,26,,,
Amos,Booth,1876,CN1,OF,3,1,0,1,0,,,,
Amos,Booth,1876,CN1,P,3,0,1,1,0,,,,
Amos,Booth,1876,CN1,SS,22,31,59,18,7,,,,
Eddie,Booth,1876,NY3,2B,5,15,7,5,1,,,,
Eddie,Booth,1876,NY3,OF,53,73,11,26,0,,,,
Eddie,Booth,1876,NY3,P,1,0,0,0,0,,,,
Joe,Borden,1876,BSN,OF,16,5,1,7,0,,,,
Joe,Borden,1876,BSN,P,29,15,33,22,0,,,,
Foghorn,Bradley,1876,BSN,OF,4,2,0,1,0,,,,
Foghorn,Bradley,1876,BSN,P,22,10,24,2,0,,,,
George,Bradley,1876,SL3,P,64,50,87,12,4,,,,
Lew,Brown,1876,BSN,C,45,192,45,40,4,32,,,
Lew,Brown,1876,BSN,OF,1,1,0,0,0,,,,
Jack,Burdock,1876,HAR,2B,69,211,174,45,18,,,,
Jack,Burdock,1876,HAR,3B,1,0,1,0,1,,,,
Doc,Bushong,1876,PHN,C,5,24,6,9,0,12,,,
John,Carbine,1876,LS1,1B,6,71,1,10,4,,,,
John,Carbine,1876,LS1,OF,1,1,1,0,1,,,,
Tom,Carey,1876,HAR,SS,68,74,218,39,9,,,,
John,Cassidy,1876,HAR,1B,4,34,2,2,3,,,,
John,Cassidy,1876,HAR,OF,8,7,2,0,0,,,,
Jack,Chapman,1876,LS1,3B,1,1,0,1,1,,,,
Jack,Chapman,1876,LS1,OF,17,16,2,6,0,,,,
Bobby,Clack,1876,CN1,1B,5,45,0,1,1,,,,
Bobby,Clack,1876,CN1,2B,8,21,22,7,0,,,,
Bobby,Clack,1876,CN1,3B,3,3,6,4,0,,,,
Bobby,Clack,1876,CN1,OF,17,36,3,14,0,,,,
Bobby,Clack,1876,CN1,P,1,0,1,0,0,,,,
John,Clapp,1876,SL3,2B,1,0,0,1,0,,,,
John,Clapp,1876,SL3,C,61,333,56,56,5,52,,,
John,Clapp,1876,SL3,OF,4,2,0,1,0,,,,
Jim,Clinton,1876,LS1,1B,1,6,0,0,0,,,,
Jim,Clinton,1876,LS1,OF,14,14,4,5,1,,,,
Jim,Clinton,1876,LS1,P,1,0,3,2,0,,,,
Dan,Collins,1876,LS1,OF,7,8,2,1,1,,,,
William,Coon,1876,PHN,2B,4,8,10,8,1,,,,
William,Coon,1876,PHN,3B,4,5,3,8,0,,,,
William,Coon,1876,PHN,C,18,50,10,27,0,21,,,
William,Coon,1876,PHN,OF,29,43,8,16,1,,,,
William,Coon,1876,PHN,P,2,0,0,1,0,,,,
Bill,Craver,1876,NY3,2B,42,95,84,41,7,,,,
Bill,Craver,1876,NY3,C,11,57,21,26,2,8,,,
Bill,Craver,1876,NY3,SS,6,6,17,5,1,,,,
Candy,Cummings,1876,HAR,P,24,9,27,2,0,,,,
John,Curran,1876,PHN,C,2,9,1,7,0,2,,,
John,Curran,1876,PHN,OF,1,1,1,3,1,,,,
Ned,Cuthbert,1876,SL3,OF,63,95,7,19,2,,,,
Dory,Dean,1876,CN1,OF,5,4,0,2,0,,,,
Dory,Dean,1876,CN1,P,30,22,38,13,2,,,,
Dory,Dean,1876,CN1,SS,2,0,0,0,0,,,,
Herman,Dehlman,1876,SL3,1B,64,750,8,33,21,,,,
Jim,Devlin,1876,LS1,1B,1,8,1,1,1,,,,
Jim,Devlin,1876,LS1,P,68,44,100,9,4,,,,
Dave,Eggler,1876,PHN,OF,39,109,6,11,1,,,,
George,Fair,1876,NY3,2B,1,2,4,2,1,,,,
Bob,Ferguson,1876,HAR,3B,69,124,133,54,5,,,,
Sam,Field,1876,CN1,2B,2,6,1,3,0,,,,
Sam,Field,1876,CN1,C,3,4,0,2,0,1,,,
Cherokee,Fisher,1876,CN1,1B,1,4,0,0,0,,,,
Cherokee,Fisher,1876,CN1,OF,11,12,1,1,0,,,,
Cherokee,Fisher,1876,CN1,P,28,19,27,12,0,,,,
Cherokee,Fisher,1876,CN1,SS,1,3,1,2,0,,,,
Wes,Fisler,1876,PHN,1B,14,141,4,3,3,,,,
Wes,Fisler,1876,PHN,2B,21,45,65,22,7,,,,
Wes,Fisler,1876,PHN,OF,24,46,5,5,1,,,,
Wes,Fisler,1876,PHN,SS,1,2,1,0,0,,,,
Will,Foley,1876,CN1,3B,46,67,101,41,4,,,,
Will,Foley,1876,CN1,C,20,70,10,22,1,19,,,
Davy,Force,1876,PHN,3B,2,2,3,2,0,,,,
Davy,Force,1876,PHN,SS,60,108,237,39,11,,,,
Davy,Force,1876,NY3,SS,1,2,3,1,0,,,,
Bill,Fouser,1876,PHN,1B,1,7,1,3,0,,,,
Bill,Fouser,1876,PHN,2B,14,34,52,18,3,,,,
Bill,Fouser,1876,PHN,OF,7,11,3,3,0,,,,
Chick,Fulmer,1876,LS1,SS,66,83,209,47,13,,,,
Joe,Gerhardt,1876,LS1,1B,54,664,13,40,13,,,,
Joe,Gerhardt,1876,LS1,2B,5,16,16,2,1,,,,
Joe,Gerhardt,1876,LS1,3B,2,5,4,4,0,,,,
Joe,Gerhardt,1876,LS1,OF,2,7,3,0,0,,,,
Joe,Gerhardt,1876,LS1,SS,3,3,8,1,1,,,,
John,Glenn,1876,CHN,1B,15,112,0,8,4,,,,
John,Glenn,1876,CHN,OF,56,128,5,18,1,,,,
Charlie,Gould,1876,CN1,1B,61,584,13,39,28,,,,
Charlie,Gould,1876,CN1,P,2,0,1,1,0,,,,
Bill,Hague,1876,LS1,3B,67,67,89,51,5,,,,
Bill,Hague,1876,LS1,SS,1,0,1,1,0,,,,
George,Hall,1876,PHN,OF,60,150,7,39,3,,,,
Jimmy,Hallinan,1876,NY3,2B,4,4,6,6,0,,,,
Jimmy,Hallinan,1876,NY3,OF,2,0,0,0,0,,,,
Jimmy,Hallinan,1876,NY3,SS,50,45,172,67,7,,,,
Bill,Harbridge,1876,HAR,1B,2,9,0,2,0,,,,
Bill,Harbridge,1876,HAR,C,24,97,30,32,0,9,,,
Bill,Harbridge,1876,HAR,OF,6,5,1,2,1,,,,
Scott,Hastings,1876,LS1,C,5,24,6,11,0,13,,,
Scott,Hastings,1876,LS1,OF,65,98,11,16,4,,,,
John,Hatfield,1876,NY3,2B,1,1,4,1,0,,,,
John,Hayes,1876,NY3,OF,5,15,0,2,0,,,,
George,Heubel,1876,NY3,1B,1,6,0,2,0,,,,
Nat,Hicks,1876,NY3,C,45,222,47,94,3,28,,,
Dick,Higham,1876,HAR,2B,1,3,2,0,0,,,,
Dick,Higham,1876,HAR,C,13,38,14,14,0,10,,,
Dick,Higham,1876,HAR,OF,59,57,16,11,1,,,,
Dick,Higham,1876,HAR,SS,1,1,3,1,0,,,,
Paul,Hines,1876,CHN,2B,1,0,0,0,0,,,,
Paul,Hines,1876,CHN,OF,64,159,8,14,4,,,,
Bill,Holbert,1876,LS1,C,12,62,24,16,3,7,,,
Jim,Holdsworth,1876,NY3,2B,3,10,4,2,1,,,,
Jim,Holdsworth,1876,NY3,OF,49,109,10,13,1,,,,
Bob,Addy,1877,CN1,OF,57,74,17,22,5,,,,
Doug,Allison,1877,HAR,C,29,127,36,19,4,16,,,
Cap,Anson,1877,CHN,3B,40,74,77,20,9,,,,
Cap,Anson,1877,CHN,C,31,103,41,22,5,26,,,
Ross,Barnes,1877,CHN,2B,22,49,70,23,5,,,,
John,Bass,1877,HAR,OF,1,0,0,0,0,,,,
Joe,Battin,1877,SL3,2B,21,54,59,24,4,,,,
Joe,Battin,1877,SL3,3B,32,58,77,29,6,,,,
Joe,Battin,1877,SL3,OF,5,4,0,2,0,,,,
Joe,Battin,1877,SL3,P,1,0,0,0,0,,,,
Joe,Blong,1877,SL3,OF,40,60,6,13,0,,,,
Joe,Blong,1877,SL3,P,25,13,24,5,0,,,,
Tommy,Bond,1877,BSN,OF,3,1,0,0,0,,,,
Tommy,Bond,1877,BSN,P,58,29,104,9,2,,,,
Amos,Booth,1877,CN1,2B,10,26,27,9,1,,,,
Amos,Booth,1877,CN1,3B,3,5,4,2,1,,,,
Amos,Booth,1877,CN1,C,12,25,16,12,2,11,,,
Amos,Booth,1877,CN1,OF,1,0,0,1,0,,,,
Amos,Booth,1877,CN1,P,12,3,11,1,1,,,,
Amos,Booth,1877,CN1,SS,13,18,40,10,1,,,,
George,Bradley,1877,CHN,1B,3,12,0,0,0,,,,
George,Bradley,1877,CHN,3B,16,11,18,13,1,,,,
George,Bradley,1877,CHN,OF,1,0,0,0,0,,,,
George,Bradley,1877,CHN,P,50,25,71,5,1,,,,
Lew,Brown,1877,BSN,1B,4,27,0,0,0,,,,
Lew,Brown,1877,BSN,C,55,360,67,49,5,39,,,
Josh,Bunce,1877,HAR,OF,1,1,0,0,0,,,,
Jack,Burdock,1877,HAR,2B,55,185,189,40,25,,,,
Jack,Burdock,1877,HAR,3B,3,5,12,4,0,,,,
Tom,Carey,1877,HAR,SS,60,49,203,53,11,,,,
John,Cassidy,1877,HAR,OF,58,41,16,22,2,,,,
John,Cassidy,1877,HAR,P,2,1,2,1,0,,,,
John,Clapp,1877,SL3,1B,1,9,1,0,0,,,,
John,Clapp,1877,SL3,C,53,269,44,40,2,45,,,
John,Clapp,1877,SL3,OF,10,7,0,2,0,,,,
Bill,Craver,1877,LS1,SS,57,71,175,26,15,,,,
Art,Croft,1877,SL3,1B,28,290,7,9,10,,,,
Art,Croft,1877,SL3,2B,1,2,2,1,0,,,,
Art,Croft,1877,SL3,OF,25,48,3,13,0,,,,
Bill,Crowley,1877,LS1,2B,1,1,1,0,0,,,,
Bill,Crowley,1877,LS1,3B,1,1,1,2,0,,,,
Bill,Crowley,1877,LS1,C,2,8,1,0,0,2,,,
Bill,Crowley,1877,LS1,OF,58,109,20,23,2,,,,
Bill,Crowley,1877,LS1,SS,2,4,4,0,0,,,,
Candy,Cummings,1877,CN1,OF,3,5,1,1,0,,,,
Candy,Cummings,1877,CN1,P,19,6,31,3,0,,,,
Ned,Cuthbert,1877,CN1,OF,12,34,5,8,2,,,,
Herman,Dehlman,1877,SL3,1B,31,306,4,23,14,,,,
Herman,Dehlman,1877,SL3,OF,1,3,0,0,0,,,,
Jim,Devlin,1877,LS1,P,61,30,110,10,2,,,,
Mike,Dorgan,1877,SL3,2B,1,0,0,0,0,,,,
Mike,Dorgan,1877,SL3,3B,2,2,2,1,0,,,,
Mike,Dorgan,1877,SL3,C,12,44,13,12,0,13,,,
Mike,Dorgan,1877,SL3,OF,50,70,5,16,3,,,,
Mike,Dorgan,1877,SL3,SS,1,2,1,0,0,,,,
Charlie,Eden,1877,CHN,OF,15,17,2,9,1,,,,
Dave,Eggler,1877,CHN,OF,33,60,8,11,3,,,,
Bob,Ferguson,1877,HAR,3B,56,109,155,50,6,,,,
Bob,Ferguson,1877,HAR,P,3,4,4,1,0,,,,
Cherokee,Fisher,1877,CHN,3B,1,0,2,1,0,,,,
Will,Foley,1877,CN1,3B,56,94,130,44,9,,,,
Davy,Force,1877,SL3,3B,8,11,15,2,0,,,,
Davy,Force,1877,SL3,SS,50,75,160,22,9,,,,
Joe,Gerhardt,1877,LS1,1B,1,11,0,0,0,,,,
Joe,Gerhardt,1877,LS1,2B,57,167,244,52,30,,,,
Joe,Gerhardt,1877,LS1,OF,1,3,0,0,0,,,,
Joe,Gerhardt,1877,LS1,SS,1,2,4,0,0,,,,
Jack,Gleason,1877,SL3,OF,1,0,0,0,0,,,,
John,Glenn,1877,CHN,1B,14,160,4,13,9,,,,
John,Glenn,1877,CHN,OF,36,66,7,4,1,,,,
Charlie,Gould,1877,CN1,1B,24,229,9,20,13,,,,
Charlie,Gould,1877,CN1,OF,1,2,0,0,0,,,,
Bill,Hague,1877,LS1,3B,59,78,78,29,4,,,,
John,Haldeman,1877,LS1,2B,1,0,4,3,0,,,,
George,Hall,1877,LS1,OF,61,92,7,11,1,,,,
Jimmy,Hallinan,1877,CN1,2B,16,52,36,15,8,,,,
Jimmy,Hallinan,1877,CHN,OF,19,27,1,7,1,,,,
Bill,Harbridge,1877,HAR,2B,4,8,13,10,0,,,,
Bill,Harbridge,1877,HAR,3B,1,0,0,0,0,,,,
Bill,Harbridge,1877,HAR,C,32,143,27,23,2,22,,,
Bill,Harbridge,1877,HAR,OF,5,12,1,0,0,,,,
Scott,Hastings,1877,CN1,C,20,63,24,23,1,29,,,
Scott,Hastings,1877,CN1,OF,1,0,0,0,0,,,,
Nat,Hicks,1877,CN1,C,8,31,15,7,3,6,,,
Paul,Hines,1877,CHN,2B,11,27,36,17,4,,,,
Paul,Hines,1877,CHN,OF,49,75,4,19,1,,,,
Jim,Holdsworth,1877,HAR,OF,55,79,11,18,1,,,,
Doug,Allison,1878,PRO,C,19,96,27,12,1,20,,,
Doug,Allison,1878,PRO,P,1,0,0,0,0,,,,
Cap,Anson,1878,CHN,2B,9,22,26,7,4,,,,
Cap,Anson,1878,CHN,3B,3,0,5,3,0,,,,
Cap,Anson,1878,CHN,C,3,13,5,1,3,11,,,
Cap,Anson,1878,CHN,OF,48,60,6,14,0,,,,
Charlie,Bennett,1878,ML2,C,35,176,31,42,4,25,,,
Charlie,Bennett,1878,ML2,OF,20,21,2,9,0,,,,
Frank,Bliss,1878,ML2,3B,1,2,2,0,0,,,,
Frank,Bliss,1878,ML2,C,1,7,1,1,0,6,,,
Tommy,Bond,1878,BSN,OF,2,0,0,0,0,,,,
Tommy,Bond,1878,BSN,P,59,27,117,9,4,,,,
Lew,Brown,1878,PRO,1B,15,178,3,11,7,,,,
Lew,Brown,1878,PRO,C,45,232,84,43,11,55,,,
Lew,Brown,1878,PRO,OF,1,0,0,0,0,,,,
